wl,400,401,402,403,404,405,406,407,408,409,410,411,412,413,414,415,416,417,418,419,420,421,422,423,424,425,426,427,428,429,430,431,432,433,434,435,436,437,438,439,440,441,442,443,444,445,446,447,448,449,450,451,452,453,454,455,456,457,458,459,460,461,462,463,464,465,466,467,468,469,470,471,472,473,474,475,476,477,478,479,480,481,482,483,484,485,486,487,488,489,490,491,492,493,494,495,496,497,498,499,500,501,502,503,504,505,506,507,508,509,510,511,512,513,514,515,516,517,518,519,520,521,522,523,524,525,526,527,528,529,530,531,532,533,534,535,536,537,538,539,540,541,542,543,544,545,546,547,548,549,550,551,552,553,554,555,556,557,558,559,560,561,562,563,564,565,566,567,568,569,570,571,572,573,574,575,576,577,578,579,580,581,582,583,584,585,586,587,588,589,590,591,592,593,594,595,596,597,598,599,600,601,602,603,604,605,606,607,608,609,610,611,612,613,614,615,616,617,618,619,620,621,622,623,624,625,626,627,628,629,630,631,632,633,634,635,636,637,638,639,640,641,642,643,644,645,646,647,648,649,650,651,652,653,654,655,656,657,658,659,660,661,662,663,664,665,666,667,668,669,670,671,672,673,674,675,676,677,678,679,680,681,682,683,684,685,686,687,688,689,690,691,692,693,694,695,696,697,698,699,700,701,702,703,704,705,706,707,708,709,710,711,712,713,714,715,716,717,718,719,720,721,722,723,724,725,726,727,728,729,730,731,732,733,734,735,736,737,738,739,740,741,742,743,744,745,746,747,748,749,750,751,752,753,754,755,756,757,758,759,760,761,762,763,764,765,766,767,768,769,770,771,772,773,774,775,776,777,778,779,780,781,782,783,784,785,786,787,788,789,790,791,792,793,794,795,796,797,798,799,800
1,9.41E-04,9.31E-04,9.21E-04,9.10E-04,8.98E-04,8.87E-04,8.75E-04,8.63E-04,8.50E-04,8.38E-04,8.25E-04,8.12E-04,7.99E-04,7.86E-04,7.73E-04,7.61E-04,7.48E-04,7.36E-04,7.24E-04,7.12E-04,7.00E-04,6.89E-04,6.79E-04,6.69E-04,6.59E-04,6.50E-04,6.42E-04,6.34E-04,6.27E-04,6.21E-04,6.16E-04,6.11E-04,6.08E-04,6.06E-04,6.04E-04,6.04E-04,6.04E-04,6.06E-04,6.08E-04,6.11E-04,6.15E-04,6.20E-04,6.25E-04,6.31E-04,6.38E-04,6.45E-04,6.52E-04,6.60E-04,6.69E-04,6.77E-04,6.86E-04,6.96E-04,7.05E-04,7.15E-04,7.25E-04,7.34E-04,7.44E-04,7.54E-04,7.64E-04,7.73E-04,7.83E-04,7.92E-04,8.01E-04,8.10E-04,8.18E-04,8.26E-04,8.33E-04,8.40E-04,8.46E-04,8.52E-04,8.57E-04,8.62E-04,8.67E-04,8.71E-04,8.75E-04,8.79E-04,8.83E-04,8.86E-04,8.89E-04,8.93E-04,8.96E-04,8.99E-04,9.02E-04,9.05E-04,9.09E-04,9.12E-04,9.16E-04,9.20E-04,9.25E-04,9.29E-04,9.34E-04,9.40E-04,9.45E-04,9.52E-04,9.59E-04,9.66E-04,9.74E-04,9.83E-04,9.92E-04,1.00E-03,1.01E-03,1.03E-03,1.04E-03,1.06E-03,1.07E-03,1.09E-03,1.12E-03,1.14E-03,1.16E-03,1.19E-03,1.22E-03,1.25E-03,1.28E-03,1.31E-03,1.34E-03,1.38E-03,1.41E-03,1.45E-03,1.49E-03,1.53E-03,1.56E-03,1.60E-03,1.64E-03,1.68E-03,1.73E-03,1.77E-03,1.81E-03,1.85E-03,1.90E-03,1.94E-03,1.98E-03,2.03E-03,2.07E-03,2.11E-03,2.16E-03,2.20E-03,2.24E-03,2.28E-03,2.32E-03,2.36E-03,2.39E-03,2.43E-03,2.46E-03,2.49E-03,2.52E-03,2.54E-03,2.56E-03,2.58E-03,2.60E-03,2.61E-03,2.62E-03,2.63E-03,2.63E-03,2.63E-03,2.63E-03,2.62E-03,2.61E-03,2.60E-03,2.59E-03,2.57E-03,2.55E-03,2.53E-03,2.51E-03,2.48E-03,2.46E-03,2.43E-03,2.39E-03,2.36E-03,2.33E-03,2.29E-03,2.25E-03,2.22E-03,2.18E-03,2.14E-03,2.10E-03,2.06E-03,2.03E-03,1.99E-03,1.95E-03,1.92E-03,1.88E-03,1.85E-03,1.82E-03,1.79E-03,1.76E-03,1.73E-03,1.70E-03,1.67E-03,1.64E-03,1.62E-03,1.59E-03,1.57E-03,1.55E-03,1.53E-03,1.51E-03,1.49E-03,1.47E-03,1.45E-03,1.43E-03,1.41E-03,1.40E-03,1.38E-03,1.37E-03,1.35E-03,1.34E-03,1.32E-03,1.31E-03,1.30E-03,1.28E-03,1.27E-03,1.25E-03,1.24E-03,1.23E-03,1.21E-03,1.20E-03,1.19E-03,1.18E-03,1.16E-03,1.15E-03,1.15E-03,1.14E-03,1.13E-03,1.13E-03,1.12E-03,1.12E-03,1.12E-03,1.12E-03,1.12E-03,1.13E-03,1.13E-03,1.14E-03,1.15E-03,1.16E-03,1.17E-03,1.19E-03,1.20E-03,1.21E-03,1.23E-03,1.24E-03,1.26E-03,1.27E-03,1.29E-03,1.31E-03,1.32E-03,1.34E-03,1.35E-03,1.37E-03,1.38E-03,1.39E-03,1.40E-03,1.41E-03,1.41E-03,1.41E-03,1.41E-03,1.41E-03,1.40E-03,1.39E-03,1.38E-03,1.36E-03,1.34E-03,1.31E-03,1.28E-03,1.26E-03,1.22E-03,1.19E-03,1.16E-03,1.12E-03,1.09E-03,1.06E-03,1.02E-03,9.89E-04,9.58E-04,9.28E-04,9.01E-04,8.76E-04,8.55E-04,8.38E-04,8.26E-04,8.20E-04,8.20E-04,8.26E-04,8.41E-04,8.64E-04,8.95E-04,9.37E-04,9.89E-04,1.05E-03,1.13E-03,1.21E-03,1.31E-03,1.42E-03,1.55E-03,1.68E-03,1.81E-03,1.96E-03,2.11E-03,2.27E-03,2.43E-03,2.59E-03,2.76E-03,2.93E-03,3.10E-03,3.26E-03,3.43E-03,3.59E-03,3.75E-03,3.90E-03,4.05E-03,4.20E-03,4.34E-03,4.48E-03,4.62E-03,4.75E-03,4.87E-03,4.99E-03,5.11E-03,5.21E-03,5.32E-03,5.41E-03,5.50E-03,5.59E-03,5.67E-03,5.74E-03,5.81E-03,5.87E-03,5.92E-03,5.97E-03,6.02E-03,6.06E-03,6.10E-03,6.13E-03,6.16E-03,6.18E-03,6.20E-03,6.21E-03,6.22E-03,6.23E-03,6.24E-03,6.24E-03,6.24E-03,6.25E-03,6.25E-03,6.25E-03,6.25E-03,6.25E-03,6.25E-03,6.26E-03,6.26E-03,6.27E-03,6.29E-03,6.31E-03,6.33E-03,6.34E-03,6.36E-03,6.38E-03,6.39E-03,6.41E-03,6.42E-03,6.43E-03,6.44E-03,6.46E-03,6.47E-03,6.47E-03,6.48E-03,6.49E-03,6.50E-03,6.51E-03,6.51E-03,6.52E-03,6.53E-03,6.53E-03,6.54E-03,6.55E-03,6.55E-03,6.56E-03,6.56E-03,6.57E-03,6.58E-03,6.58E-03,6.59E-03,6.60E-03,6.60E-03,6.61E-03,6.62E-03,6.63E-03,6.64E-03,6.65E-03,6.66E-03,6.67E-03,6.68E-03,6.70E-03,6.71E-03,6.73E-03,6.74E-03,6.76E-03,6.78E-03,6.80E-03,6.82E-03,6.84E-03,6.86E-03,6.89E-03
2,1.26E-03,1.26E-03,1.26E-03,1.27E-03,1.27E-03,1.28E-03,1.28E-03,1.29E-03,1.29E-03,1.30E-03,1.30E-03,1.30E-03,1.31E-03,1.31E-03,1.32E-03,1.32E-03,1.33E-03,1.33E-03,1.34E-03,1.34E-03,1.35E-03,1.35E-03,1.36E-03,1.37E-03,1.38E-03,1.38E-03,1.39E-03,1.40E-03,1.41E-03,1.42E-03,1.43E-03,1.44E-03,1.45E-03,1.46E-03,1.48E-03,1.49E-03,1.50E-03,1.52E-03,1.53E-03,1.55E-03,1.56E-03,1.58E-03,1.60E-03,1.61E-03,1.63E-03,1.65E-03,1.67E-03,1.69E-03,1.71E-03,1.72E-03,1.74E-03,1.76E-03,1.78E-03,1.80E-03,1.82E-03,1.84E-03,1.87E-03,1.89E-03,1.91E-03,1.93E-03,1.95E-03,1.97E-03,1.99E-03,2.01E-03,2.03E-03,2.05E-03,2.07E-03,2.09E-03,2.11E-03,2.13E-03,2.15E-03,2.17E-03,2.19E-03,2.20E-03,2.22E-03,2.24E-03,2.26E-03,2.28E-03,2.30E-03,2.32E-03,2.34E-03,2.36E-03,2.38E-03,2.40E-03,2.42E-03,2.44E-03,2.46E-03,2.49E-03,2.51E-03,2.53E-03,2.56E-03,2.58E-03,2.60E-03,2.63E-03,2.66E-03,2.68E-03,2.71E-03,2.74E-03,2.77E-03,2.80E-03,2.83E-03,2.86E-03,2.89E-03,2.93E-03,2.96E-03,3.00E-03,3.04E-03,3.08E-03,3.12E-03,3.16E-03,3.20E-03,3.24E-03,3.28E-03,3.33E-03,3.37E-03,3.42E-03,3.46E-03,3.51E-03,3.55E-03,3.60E-03,3.65E-03,3.70E-03,3.74E-03,3.79E-03,3.84E-03,3.89E-03,3.94E-03,3.98E-03,4.03E-03,4.08E-03,4.13E-03,4.18E-03,4.22E-03,4.27E-03,4.32E-03,4.36E-03,4.41E-03,4.46E-03,4.50E-03,4.55E-03,4.59E-03,4.63E-03,4.67E-03,4.72E-03,4.76E-03,4.80E-03,4.83E-03,4.87E-03,4.91E-03,4.94E-03,4.98E-03,5.01E-03,5.04E-03,5.07E-03,5.10E-03,5.13E-03,5.16E-03,5.18E-03,5.21E-03,5.23E-03,5.25E-03,5.27E-03,5.29E-03,5.31E-03,5.33E-03,5.34E-03,5.36E-03,5.37E-03,5.38E-03,5.39E-03,5.39E-03,5.39E-03,5.39E-03,5.38E-03,5.37E-03,5.36E-03,5.34E-03,5.32E-03,5.29E-03,5.26E-03,5.22E-03,5.18E-03,5.14E-03,5.09E-03,5.03E-03,4.98E-03,4.92E-03,4.86E-03,4.79E-03,4.73E-03,4.66E-03,4.59E-03,4.52E-03,4.45E-03,4.38E-03,4.30E-03,4.23E-03,4.16E-03,4.09E-03,4.02E-03,3.95E-03,3.89E-03,3.82E-03,3.76E-03,3.70E-03,3.64E-03,3.59E-03,3.54E-03,3.50E-03,3.46E-03,3.42E-03,3.39E-03,3.36E-03,3.33E-03,3.31E-03,3.30E-03,3.28E-03,3.27E-03,3.26E-03,3.25E-03,3.24E-03,3.24E-03,3.23E-03,3.23E-03,3.22E-03,3.22E-03,3.21E-03,3.21E-03,3.20E-03,3.19E-03,3.19E-03,3.18E-03,3.17E-03,3.16E-03,3.15E-03,3.14E-03,3.13E-03,3.12E-03,3.11E-03,3.10E-03,3.09E-03,3.08E-03,3.06E-03,3.05E-03,3.04E-03,3.02E-03,3.01E-03,2.99E-03,2.97E-03,2.95E-03,2.93E-03,2.91E-03,2.88E-03,2.85E-03,2.82E-03,2.79E-03,2.75E-03,2.71E-03,2.67E-03,2.62E-03,2.58E-03,2.53E-03,2.48E-03,2.44E-03,2.39E-03,2.35E-03,2.31E-03,2.27E-03,2.24E-03,2.21E-03,2.18E-03,2.16E-03,2.15E-03,2.14E-03,2.14E-03,2.14E-03,2.15E-03,2.16E-03,2.18E-03,2.20E-03,2.22E-03,2.24E-03,2.26E-03,2.29E-03,2.31E-03,2.33E-03,2.35E-03,2.37E-03,2.38E-03,2.39E-03,2.40E-03,2.40E-03,2.41E-03,2.40E-03,2.40E-03,2.39E-03,2.37E-03,2.36E-03,2.34E-03,2.31E-03,2.29E-03,2.26E-03,2.22E-03,2.19E-03,2.14E-03,2.10E-03,2.05E-03,2.00E-03,1.95E-03,1.90E-03,1.84E-03,1.78E-03,1.72E-03,1.66E-03,1.60E-03,1.54E-03,1.48E-03,1.42E-03,1.37E-03,1.31E-03,1.25E-03,1.20E-03,1.14E-03,1.09E-03,1.04E-03,9.97E-04,9.51E-04,9.08E-04,8.67E-04,8.27E-04,7.91E-04,7.56E-04,7.24E-04,6.94E-04,6.67E-04,6.43E-04,6.22E-04,6.02E-04,5.86E-04,5.72E-04,5.60E-04,5.50E-04,5.42E-04,5.36E-04,5.31E-04,5.29E-04,5.28E-04,5.29E-04,5.30E-04,5.34E-04,5.38E-04,5.42E-04,5.47E-04,5.50E-04,5.54E-04,5.57E-04,5.59E-04,5.62E-04,5.64E-04,5.66E-04,5.67E-04,5.68E-04,5.69E-04,5.70E-04,5.71E-04,5.72E-04,5.72E-04,5.72E-04,5.73E-04,5.73E-04,5.73E-04,5.73E-04,5.73E-04,5.73E-04,5.74E-04,5.74E-04,5.74E-04,5.75E-04,5.75E-04,5.76E-04,5.77E-04,5.78E-04,5.79E-04,5.81E-04,5.82E-04,5.85E-04,5.87E-04,5.89E-04,5.92E-04,5.96E-04,6.00E-04,6.04E-04,6.08E-04,6.13E-04,6.19E-04,6.25E-04,6.31E-04,6.38E-04,6.45E-04,6.54E-04,6.62E-04
3,2.76E-03,2.77E-03,2.78E-03,2.79E-03,2.80E-03,2.81E-03,2.82E-03,2.83E-03,2.83E-03,2.84E-03,2.85E-03,2.86E-03,2.87E-03,2.88E-03,2.89E-03,2.90E-03,2.90E-03,2.91E-03,2.92E-03,2.93E-03,2.94E-03,2.96E-03,2.97E-03,2.98E-03,2.99E-03,3.00E-03,3.02E-03,3.03E-03,3.05E-03,3.06E-03,3.08E-03,3.09E-03,3.11E-03,3.13E-03,3.15E-03,3.17E-03,3.19E-03,3.21E-03,3.23E-03,3.26E-03,3.28E-03,3.30E-03,3.33E-03,3.35E-03,3.38E-03,3.40E-03,3.43E-03,3.46E-03,3.49E-03,3.51E-03,3.54E-03,3.57E-03,3.60E-03,3.63E-03,3.65E-03,3.68E-03,3.71E-03,3.74E-03,3.77E-03,3.80E-03,3.83E-03,3.86E-03,3.88E-03,3.91E-03,3.94E-03,3.97E-03,4.00E-03,4.02E-03,4.05E-03,4.08E-03,4.10E-03,4.13E-03,4.15E-03,4.18E-03,4.20E-03,4.23E-03,4.25E-03,4.28E-03,4.30E-03,4.32E-03,4.35E-03,4.37E-03,4.39E-03,4.42E-03,4.44E-03,4.46E-03,4.48E-03,4.50E-03,4.52E-03,4.54E-03,4.56E-03,4.59E-03,4.61E-03,4.63E-03,4.65E-03,4.67E-03,4.68E-03,4.70E-03,4.72E-03,4.74E-03,4.76E-03,4.78E-03,4.79E-03,4.81E-03,4.82E-03,4.83E-03,4.84E-03,4.85E-03,4.85E-03,4.86E-03,4.87E-03,4.88E-03,4.89E-03,4.91E-03,4.92E-03,4.94E-03,4.96E-03,4.98E-03,5.01E-03,5.04E-03,5.06E-03,5.10E-03,5.13E-03,5.16E-03,5.19E-03,5.22E-03,5.25E-03,5.28E-03,5.31E-03,5.33E-03,5.35E-03,5.37E-03,5.39E-03,5.40E-03,5.41E-03,5.42E-03,5.42E-03,5.43E-03,5.43E-03,5.42E-03,5.42E-03,5.41E-03,5.41E-03,5.40E-03,5.39E-03,5.38E-03,5.37E-03,5.36E-03,5.35E-03,5.33E-03,5.32E-03,5.31E-03,5.30E-03,5.29E-03,5.28E-03,5.26E-03,5.25E-03,5.24E-03,5.23E-03,5.21E-03,5.20E-03,5.19E-03,5.17E-03,5.16E-03,5.15E-03,5.13E-03,5.11E-03,5.09E-03,5.07E-03,5.05E-03,5.02E-03,4.99E-03,4.95E-03,4.91E-03,4.86E-03,4.80E-03,4.74E-03,4.67E-03,4.60E-03,4.51E-03,4.42E-03,4.32E-03,4.21E-03,4.10E-03,3.99E-03,3.87E-03,3.75E-03,3.62E-03,3.50E-03,3.37E-03,3.25E-03,3.13E-03,3.01E-03,2.89E-03,2.78E-03,2.67E-03,2.57E-03,2.47E-03,2.38E-03,2.29E-03,2.21E-03,2.13E-03,2.06E-03,1.99E-03,1.93E-03,1.87E-03,1.82E-03,1.78E-03,1.73E-03,1.70E-03,1.67E-03,1.64E-03,1.62E-03,1.60E-03,1.59E-03,1.58E-03,1.57E-03,1.57E-03,1.56E-03,1.56E-03,1.56E-03,1.56E-03,1.56E-03,1.56E-03,1.56E-03,1.56E-03,1.55E-03,1.55E-03,1.54E-03,1.54E-03,1.53E-03,1.52E-03,1.51E-03,1.50E-03,1.49E-03,1.47E-03,1.46E-03,1.45E-03,1.43E-03,1.42E-03,1.41E-03,1.39E-03,1.38E-03,1.37E-03,1.35E-03,1.34E-03,1.33E-03,1.31E-03,1.30E-03,1.29E-03,1.27E-03,1.26E-03,1.25E-03,1.23E-03,1.22E-03,1.21E-03,1.19E-03,1.18E-03,1.16E-03,1.15E-03,1.13E-03,1.12E-03,1.11E-03,1.09E-03,1.08E-03,1.07E-03,1.06E-03,1.05E-03,1.04E-03,1.03E-03,1.02E-03,1.02E-03,1.01E-03,1.01E-03,1.01E-03,1.01E-03,1.01E-03,1.01E-03,1.01E-03,1.02E-03,1.02E-03,1.02E-03,1.02E-03,1.02E-03,1.02E-03,1.02E-03,1.01E-03,1.01E-03,9.98E-04,9.87E-04,9.73E-04,9.58E-04,9.41E-04,9.23E-04,9.03E-04,8.83E-04,8.61E-04,8.38E-04,8.16E-04,7.92E-04,7.69E-04,7.46E-04,7.23E-04,7.01E-04,6.79E-04,6.58E-04,6.38E-04,6.18E-04,5.99E-04,5.81E-04,5.63E-04,5.45E-04,5.28E-04,5.12E-04,4.96E-04,4.80E-04,4.65E-04,4.50E-04,4.35E-04,4.21E-04,4.06E-04,3.92E-04,3.79E-04,3.66E-04,3.53E-04,3.40E-04,3.28E-04,3.17E-04,3.06E-04,2.95E-04,2.85E-04,2.76E-04,2.68E-04,2.60E-04,2.53E-04,2.47E-04,2.42E-04,2.37E-04,2.33E-04,2.30E-04,2.28E-04,2.26E-04,2.25E-04,2.24E-04,2.24E-04,2.25E-04,2.26E-04,2.27E-04,2.29E-04,2.32E-04,2.35E-04,2.37E-04,2.40E-04,2.42E-04,2.44E-04,2.46E-04,2.47E-04,2.48E-04,2.49E-04,2.50E-04,2.50E-04,2.51E-04,2.51E-04,2.51E-04,2.50E-04,2.50E-04,2.50E-04,2.49E-04,2.48E-04,2.48E-04,2.47E-04,2.46E-04,2.45E-04,2.45E-04,2.44E-04,2.43E-04,2.42E-04,2.41E-04,2.41E-04,2.40E-04,2.40E-04,2.39E-04,2.39E-04,2.39E-04,2.39E-04,2.40E-04,2.40E-04,2.41E-04,2.42E-04,2.43E-04,2.44E-04,2.46E-04,2.48E-04,2.50E-04,2.53E-04,2.56E-04,2.59E-04,2.63E-04,2.67E-04,2.71E-04,2.76E-04
4,9.36E-04,9.37E-04,9.38E-04,9.40E-04,9.42E-04,9.44E-04,9.46E-04,9.48E-04,9.51E-04,9.53E-04,9.56E-04,9.60E-04,9.63E-04,9.67E-04,9.71E-04,9.76E-04,9.80E-04,9.85E-04,9.91E-04,9.96E-04,1.00E-03,1.01E-03,1.02E-03,1.02E-03,1.03E-03,1.04E-03,1.05E-03,1.05E-03,1.06E-03,1.07E-03,1.08E-03,1.09E-03,1.10E-03,1.11E-03,1.12E-03,1.14E-03,1.15E-03,1.16E-03,1.17E-03,1.19E-03,1.20E-03,1.22E-03,1.23E-03,1.25E-03,1.26E-03,1.28E-03,1.29E-03,1.31E-03,1.32E-03,1.34E-03,1.36E-03,1.37E-03,1.39E-03,1.41E-03,1.43E-03,1.44E-03,1.46E-03,1.48E-03,1.50E-03,1.51E-03,1.53E-03,1.55E-03,1.57E-03,1.59E-03,1.61E-03,1.62E-03,1.64E-03,1.66E-03,1.68E-03,1.70E-03,1.72E-03,1.74E-03,1.75E-03,1.77E-03,1.79E-03,1.81E-03,1.83E-03,1.85E-03,1.87E-03,1.89E-03,1.91E-03,1.93E-03,1.95E-03,1.97E-03,1.99E-03,2.01E-03,2.03E-03,2.05E-03,2.07E-03,2.09E-03,2.11E-03,2.14E-03,2.16E-03,2.18E-03,2.21E-03,2.23E-03,2.26E-03,2.28E-03,2.31E-03,2.33E-03,2.36E-03,2.39E-03,2.41E-03,2.45E-03,2.48E-03,2.51E-03,2.55E-03,2.58E-03,2.62E-03,2.65E-03,2.69E-03,2.73E-03,2.77E-03,2.81E-03,2.85E-03,2.89E-03,2.93E-03,2.97E-03,3.01E-03,3.05E-03,3.09E-03,3.13E-03,3.17E-03,3.21E-03,3.25E-03,3.29E-03,3.33E-03,3.37E-03,3.41E-03,3.45E-03,3.49E-03,3.53E-03,3.57E-03,3.61E-03,3.65E-03,3.68E-03,3.72E-03,3.76E-03,3.80E-03,3.83E-03,3.87E-03,3.91E-03,3.95E-03,3.98E-03,4.02E-03,4.05E-03,4.09E-03,4.12E-03,4.16E-03,4.19E-03,4.23E-03,4.26E-03,4.30E-03,4.33E-03,4.36E-03,4.39E-03,4.43E-03,4.46E-03,4.49E-03,4.52E-03,4.55E-03,4.58E-03,4.61E-03,4.64E-03,4.66E-03,4.69E-03,4.71E-03,4.74E-03,4.76E-03,4.78E-03,4.80E-03,4.82E-03,4.83E-03,4.85E-03,4.86E-03,4.87E-03,4.87E-03,4.87E-03,4.87E-03,4.87E-03,4.86E-03,4.85E-03,4.84E-03,4.82E-03,4.80E-03,4.78E-03,4.76E-03,4.73E-03,4.70E-03,4.67E-03,4.64E-03,4.61E-03,4.57E-03,4.53E-03,4.49E-03,4.45E-03,4.41E-03,4.37E-03,4.32E-03,4.28E-03,4.24E-03,4.19E-03,4.15E-03,4.11E-03,4.07E-03,4.03E-03,4.00E-03,3.96E-03,3.93E-03,3.90E-03,3.87E-03,3.85E-03,3.83E-03,3.81E-03,3.80E-03,3.78E-03,3.77E-03,3.76E-03,3.76E-03,3.75E-03,3.75E-03,3.74E-03,3.74E-03,3.74E-03,3.74E-03,3.74E-03,3.74E-03,3.74E-03,3.74E-03,3.74E-03,3.73E-03,3.73E-03,3.73E-03,3.73E-03,3.73E-03,3.73E-03,3.73E-03,3.72E-03,3.72E-03,3.72E-03,3.71E-03,3.71E-03,3.70E-03,3.69E-03,3.69E-03,3.68E-03,3.67E-03,3.65E-03,3.64E-03,3.62E-03,3.60E-03,3.57E-03,3.54E-03,3.51E-03,3.48E-03,3.44E-03,3.40E-03,3.35E-03,3.30E-03,3.25E-03,3.19E-03,3.13E-03,3.07E-03,3.02E-03,2.96E-03,2.91E-03,2.85E-03,2.81E-03,2.76E-03,2.73E-03,2.70E-03,2.68E-03,2.66E-03,2.66E-03,2.66E-03,2.67E-03,2.68E-03,2.71E-03,2.73E-03,2.76E-03,2.80E-03,2.84E-03,2.87E-03,2.91E-03,2.95E-03,2.99E-03,3.03E-03,3.06E-03,3.10E-03,3.12E-03,3.15E-03,3.17E-03,3.19E-03,3.20E-03,3.21E-03,3.21E-03,3.21E-03,3.20E-03,3.19E-03,3.17E-03,3.15E-03,3.12E-03,3.08E-03,3.04E-03,3.00E-03,2.94E-03,2.89E-03,2.82E-03,2.76E-03,2.69E-03,2.61E-03,2.53E-03,2.45E-03,2.37E-03,2.29E-03,2.21E-03,2.12E-03,2.04E-03,1.95E-03,1.87E-03,1.79E-03,1.71E-03,1.63E-03,1.55E-03,1.48E-03,1.40E-03,1.33E-03,1.27E-03,1.20E-03,1.14E-03,1.08E-03,1.03E-03,9.78E-04,9.31E-04,8.89E-04,8.50E-04,8.17E-04,7.87E-04,7.61E-04,7.39E-04,7.20E-04,7.04E-04,6.92E-04,6.82E-04,6.75E-04,6.70E-04,6.67E-04,6.67E-04,6.68E-04,6.71E-04,6.75E-04,6.80E-04,6.84E-04,6.88E-04,6.91E-04,6.94E-04,6.96E-04,6.99E-04,7.01E-04,7.02E-04,7.04E-04,7.05E-04,7.06E-04,7.07E-04,7.07E-04,7.08E-04,7.08E-04,7.09E-04,7.09E-04,7.09E-04,7.10E-04,7.10E-04,7.11E-04,7.11E-04,7.12E-04,7.13E-04,7.14E-04,7.15E-04,7.17E-04,7.18E-04,7.20E-04,7.23E-04,7.25E-04,7.28E-04,7.32E-04,7.36E-04,7.40E-04,7.45E-04,7.50E-04,7.55E-04,7.62E-04,7.69E-04,7.76E-04,7.84E-04,7.93E-04,8.02E-04,8.13E-04,8.23E-04,8.35E-04,8.47E-04,8.61E-04
5,1.50E-03,1.50E-03,1.49E-03,1.49E-03,1.49E-03,1.48E-03,1.48E-03,1.48E-03,1.48E-03,1.48E-03,1.48E-03,1.48E-03,1.48E-03,1.49E-03,1.49E-03,1.49E-03,1.50E-03,1.50E-03,1.51E-03,1.51E-03,1.52E-03,1.52E-03,1.53E-03,1.54E-03,1.54E-03,1.55E-03,1.56E-03,1.57E-03,1.57E-03,1.58E-03,1.59E-03,1.60E-03,1.60E-03,1.61E-03,1.62E-03,1.63E-03,1.64E-03,1.64E-03,1.65E-03,1.66E-03,1.67E-03,1.68E-03,1.68E-03,1.69E-03,1.70E-03,1.71E-03,1.71E-03,1.72E-03,1.73E-03,1.74E-03,1.74E-03,1.75E-03,1.76E-03,1.77E-03,1.77E-03,1.78E-03,1.79E-03,1.80E-03,1.80E-03,1.81E-03,1.82E-03,1.83E-03,1.83E-03,1.84E-03,1.85E-03,1.85E-03,1.86E-03,1.87E-03,1.87E-03,1.88E-03,1.89E-03,1.90E-03,1.90E-03,1.91E-03,1.92E-03,1.92E-03,1.93E-03,1.94E-03,1.95E-03,1.95E-03,1.96E-03,1.97E-03,1.98E-03,1.98E-03,1.99E-03,2.00E-03,2.01E-03,2.02E-03,2.03E-03,2.04E-03,2.05E-03,2.06E-03,2.07E-03,2.08E-03,2.09E-03,2.10E-03,2.11E-03,2.12E-03,2.14E-03,2.15E-03,2.16E-03,2.18E-03,2.19E-03,2.20E-03,2.22E-03,2.23E-03,2.24E-03,2.26E-03,2.27E-03,2.29E-03,2.30E-03,2.31E-03,2.33E-03,2.34E-03,2.36E-03,2.37E-03,2.38E-03,2.40E-03,2.41E-03,2.43E-03,2.44E-03,2.46E-03,2.47E-03,2.49E-03,2.50E-03,2.52E-03,2.53E-03,2.55E-03,2.56E-03,2.58E-03,2.59E-03,2.61E-03,2.62E-03,2.64E-03,2.65E-03,2.67E-03,2.68E-03,2.69E-03,2.71E-03,2.72E-03,2.74E-03,2.75E-03,2.76E-03,2.78E-03,2.79E-03,2.80E-03,2.82E-03,2.83E-03,2.85E-03,2.86E-03,2.87E-03,2.89E-03,2.90E-03,2.92E-03,2.93E-03,2.94E-03,2.96E-03,2.97E-03,2.98E-03,2.99E-03,3.01E-03,3.02E-03,3.03E-03,3.04E-03,3.05E-03,3.06E-03,3.07E-03,3.08E-03,3.09E-03,3.10E-03,3.11E-03,3.12E-03,3.12E-03,3.13E-03,3.14E-03,3.14E-03,3.15E-03,3.16E-03,3.16E-03,3.17E-03,3.17E-03,3.17E-03,3.18E-03,3.18E-03,3.18E-03,3.19E-03,3.19E-03,3.19E-03,3.19E-03,3.19E-03,3.19E-03,3.19E-03,3.19E-03,3.19E-03,3.18E-03,3.18E-03,3.18E-03,3.18E-03,3.17E-03,3.17E-03,3.17E-03,3.16E-03,3.16E-03,3.15E-03,3.15E-03,3.15E-03,3.14E-03,3.14E-03,3.14E-03,3.13E-03,3.13E-03,3.13E-03,3.13E-03,3.13E-03,3.13E-03,3.13E-03,3.13E-03,3.13E-03,3.13E-03,3.13E-03,3.13E-03,3.13E-03,3.13E-03,3.14E-03,3.14E-03,3.14E-03,3.14E-03,3.14E-03,3.15E-03,3.15E-03,3.15E-03,3.15E-03,3.15E-03,3.16E-03,3.16E-03,3.16E-03,3.16E-03,3.17E-03,3.17E-03,3.17E-03,3.18E-03,3.18E-03,3.18E-03,3.19E-03,3.19E-03,3.19E-03,3.19E-03,3.20E-03,3.20E-03,3.20E-03,3.20E-03,3.20E-03,3.20E-03,3.19E-03,3.19E-03,3.18E-03,3.18E-03,3.17E-03,3.16E-03,3.15E-03,3.14E-03,3.12E-03,3.11E-03,3.10E-03,3.08E-03,3.07E-03,3.06E-03,3.05E-03,3.04E-03,3.03E-03,3.02E-03,3.02E-03,3.01E-03,3.01E-03,3.01E-03,3.02E-03,3.02E-03,3.03E-03,3.03E-03,3.04E-03,3.05E-03,3.06E-03,3.07E-03,3.08E-03,3.09E-03,3.11E-03,3.12E-03,3.13E-03,3.14E-03,3.15E-03,3.16E-03,3.17E-03,3.18E-03,3.19E-03,3.19E-03,3.20E-03,3.20E-03,3.21E-03,3.21E-03,3.21E-03,3.21E-03,3.21E-03,3.21E-03,3.20E-03,3.19E-03,3.19E-03,3.17E-03,3.16E-03,3.15E-03,3.13E-03,3.11E-03,3.09E-03,3.07E-03,3.05E-03,3.02E-03,2.99E-03,2.96E-03,2.93E-03,2.90E-03,2.86E-03,2.82E-03,2.78E-03,2.74E-03,2.70E-03,2.65E-03,2.61E-03,2.56E-03,2.52E-03,2.47E-03,2.43E-03,2.39E-03,2.35E-03,2.31E-03,2.27E-03,2.23E-03,2.20E-03,2.17E-03,2.14E-03,2.11E-03,2.09E-03,2.06E-03,2.04E-03,2.03E-03,2.01E-03,2.00E-03,1.99E-03,1.98E-03,1.97E-03,1.97E-03,1.97E-03,1.97E-03,1.97E-03,1.97E-03,1.97E-03,1.97E-03,1.97E-03,1.97E-03,1.97E-03,1.97E-03,1.97E-03,1.97E-03,1.97E-03,1.97E-03,1.97E-03,1.97E-03,1.97E-03,1.97E-03,1.97E-03,1.97E-03,1.97E-03,1.97E-03,1.98E-03,1.98E-03,1.98E-03,1.98E-03,1.98E-03,1.98E-03,1.99E-03,1.99E-03,1.99E-03,2.00E-03,2.00E-03,2.01E-03,2.01E-03,2.01E-03,2.02E-03,2.03E-03,2.03E-03,2.04E-03,2.05E-03,2.06E-03,2.06E-03,2.07E-03,2.08E-03,2.09E-03,2.10E-03,2.12E-03,2.13E-03,2.14E-03,2.15E-03,2.17E-03
6,1.08E-03,1.09E-03,1.09E-03,1.09E-03,1.09E-03,1.09E-03,1.09E-03,1.09E-03,1.09E-03,1.09E-03,1.08E-03,1.08E-03,1.08E-03,1.08E-03,1.07E-03,1.07E-03,1.06E-03,1.06E-03,1.06E-03,1.05E-03,1.05E-03,1.05E-03,1.05E-03,1.04E-03,1.04E-03,1.04E-03,1.04E-03,1.04E-03,1.04E-03,1.04E-03,1.04E-03,1.05E-03,1.05E-03,1.06E-03,1.06E-03,1.07E-03,1.08E-03,1.09E-03,1.10E-03,1.11E-03,1.12E-03,1.13E-03,1.15E-03,1.16E-03,1.18E-03,1.19E-03,1.21E-03,1.22E-03,1.24E-03,1.26E-03,1.27E-03,1.29E-03,1.31E-03,1.33E-03,1.35E-03,1.36E-03,1.38E-03,1.40E-03,1.42E-03,1.44E-03,1.45E-03,1.47E-03,1.49E-03,1.51E-03,1.52E-03,1.54E-03,1.55E-03,1.57E-03,1.58E-03,1.60E-03,1.61E-03,1.63E-03,1.64E-03,1.65E-03,1.66E-03,1.68E-03,1.69E-03,1.70E-03,1.71E-03,1.73E-03,1.74E-03,1.75E-03,1.77E-03,1.78E-03,1.79E-03,1.81E-03,1.82E-03,1.84E-03,1.85E-03,1.87E-03,1.89E-03,1.91E-03,1.93E-03,1.95E-03,1.97E-03,1.99E-03,2.01E-03,2.04E-03,2.06E-03,2.09E-03,2.12E-03,2.15E-03,2.18E-03,2.22E-03,2.26E-03,2.30E-03,2.35E-03,2.39E-03,2.44E-03,2.49E-03,2.54E-03,2.60E-03,2.65E-03,2.71E-03,2.77E-03,2.82E-03,2.88E-03,2.94E-03,3.00E-03,3.06E-03,3.13E-03,3.19E-03,3.25E-03,3.31E-03,3.37E-03,3.44E-03,3.50E-03,3.56E-03,3.62E-03,3.68E-03,3.74E-03,3.80E-03,3.86E-03,3.91E-03,3.97E-03,4.02E-03,4.08E-03,4.13E-03,4.18E-03,4.23E-03,4.28E-03,4.33E-03,4.38E-03,4.42E-03,4.47E-03,4.51E-03,4.55E-03,4.59E-03,4.62E-03,4.66E-03,4.69E-03,4.72E-03,4.75E-03,4.78E-03,4.81E-03,4.83E-03,4.85E-03,4.87E-03,4.88E-03,4.90E-03,4.91E-03,4.92E-03,4.92E-03,4.92E-03,4.92E-03,4.92E-03,4.92E-03,4.91E-03,4.90E-03,4.88E-03,4.87E-03,4.85E-03,4.83E-03,4.81E-03,4.79E-03,4.76E-03,4.74E-03,4.71E-03,4.68E-03,4.65E-03,4.62E-03,4.58E-03,4.55E-03,4.51E-03,4.48E-03,4.44E-03,4.40E-03,4.36E-03,4.32E-03,4.28E-03,4.23E-03,4.19E-03,4.14E-03,4.09E-03,4.05E-03,4.00E-03,3.95E-03,3.90E-03,3.85E-03,3.80E-03,3.75E-03,3.70E-03,3.65E-03,3.61E-03,3.56E-03,3.51E-03,3.47E-03,3.42E-03,3.38E-03,3.34E-03,3.31E-03,3.27E-03,3.24E-03,3.21E-03,3.18E-03,3.15E-03,3.13E-03,3.10E-03,3.08E-03,3.07E-03,3.05E-03,3.04E-03,3.02E-03,3.01E-03,3.01E-03,3.00E-03,3.00E-03,2.99E-03,2.99E-03,2.99E-03,3.00E-03,3.00E-03,3.01E-03,3.02E-03,3.02E-03,3.03E-03,3.04E-03,3.06E-03,3.07E-03,3.08E-03,3.09E-03,3.11E-03,3.12E-03,3.13E-03,3.15E-03,3.16E-03,3.17E-03,3.17E-03,3.18E-03,3.18E-03,3.17E-03,3.16E-03,3.15E-03,3.13E-03,3.11E-03,3.07E-03,3.03E-03,2.99E-03,2.93E-03,2.87E-03,2.81E-03,2.74E-03,2.67E-03,2.60E-03,2.53E-03,2.46E-03,2.39E-03,2.33E-03,2.27E-03,2.22E-03,2.17E-03,2.14E-03,2.11E-03,2.09E-03,2.08E-03,2.09E-03,2.10E-03,2.12E-03,2.15E-03,2.18E-03,2.23E-03,2.28E-03,2.33E-03,2.40E-03,2.47E-03,2.54E-03,2.62E-03,2.71E-03,2.80E-03,2.89E-03,2.98E-03,3.08E-03,3.17E-03,3.26E-03,3.35E-03,3.44E-03,3.52E-03,3.59E-03,3.66E-03,3.72E-03,3.76E-03,3.80E-03,3.82E-03,3.83E-03,3.83E-03,3.81E-03,3.78E-03,3.73E-03,3.68E-03,3.61E-03,3.54E-03,3.45E-03,3.36E-03,3.27E-03,3.17E-03,3.06E-03,2.96E-03,2.85E-03,2.74E-03,2.63E-03,2.53E-03,2.42E-03,2.32E-03,2.22E-03,2.12E-03,2.02E-03,1.93E-03,1.84E-03,1.76E-03,1.67E-03,1.60E-03,1.52E-03,1.46E-03,1.39E-03,1.34E-03,1.28E-03,1.24E-03,1.20E-03,1.16E-03,1.13E-03,1.10E-03,1.08E-03,1.07E-03,1.05E-03,1.04E-03,1.03E-03,1.03E-03,1.03E-03,1.03E-03,1.03E-03,1.03E-03,1.04E-03,1.04E-03,1.05E-03,1.05E-03,1.05E-03,1.06E-03,1.06E-03,1.06E-03,1.06E-03,1.06E-03,1.06E-03,1.06E-03,1.06E-03,1.06E-03,1.06E-03,1.06E-03,1.06E-03,1.06E-03,1.06E-03,1.06E-03,1.06E-03,1.06E-03,1.06E-03,1.06E-03,1.06E-03,1.06E-03,1.07E-03,1.07E-03,1.07E-03,1.07E-03,1.07E-03,1.08E-03,1.08E-03,1.08E-03,1.09E-03,1.09E-03,1.10E-03,1.11E-03,1.11E-03,1.12E-03,1.13E-03,1.14E-03,1.15E-03,1.16E-03,1.17E-03,1.19E-03,1.20E-03,1.22E-03,1.23E-03,1.25E-03
7,1.29E-03,1.28E-03,1.26E-03,1.25E-03,1.24E-03,1.22E-03,1.21E-03,1.19E-03,1.18E-03,1.16E-03,1.15E-03,1.13E-03,1.12E-03,1.10E-03,1.09E-03,1.07E-03,1.06E-03,1.04E-03,1.03E-03,1.01E-03,9.98E-04,9.85E-04,9.71E-04,9.59E-04,9.47E-04,9.35E-04,9.25E-04,9.14E-04,9.05E-04,8.97E-04,8.89E-04,8.83E-04,8.77E-04,8.72E-04,8.69E-04,8.66E-04,8.65E-04,8.65E-04,8.65E-04,8.67E-04,8.69E-04,8.72E-04,8.76E-04,8.80E-04,8.85E-04,8.91E-04,8.97E-04,9.04E-04,9.11E-04,9.19E-04,9.27E-04,9.36E-04,9.44E-04,9.53E-04,9.62E-04,9.72E-04,9.81E-04,9.91E-04,1.00E-03,1.01E-03,1.02E-03,1.03E-03,1.04E-03,1.05E-03,1.05E-03,1.06E-03,1.07E-03,1.08E-03,1.09E-03,1.09E-03,1.10E-03,1.10E-03,1.11E-03,1.12E-03,1.12E-03,1.13E-03,1.13E-03,1.14E-03,1.14E-03,1.15E-03,1.15E-03,1.16E-03,1.16E-03,1.17E-03,1.17E-03,1.18E-03,1.18E-03,1.19E-03,1.20E-03,1.20E-03,1.21E-03,1.22E-03,1.23E-03,1.23E-03,1.24E-03,1.25E-03,1.26E-03,1.28E-03,1.29E-03,1.30E-03,1.31E-03,1.33E-03,1.35E-03,1.37E-03,1.39E-03,1.42E-03,1.45E-03,1.48E-03,1.51E-03,1.55E-03,1.59E-03,1.63E-03,1.67E-03,1.72E-03,1.76E-03,1.81E-03,1.86E-03,1.91E-03,1.96E-03,2.01E-03,2.06E-03,2.11E-03,2.17E-03,2.22E-03,2.28E-03,2.33E-03,2.38E-03,2.44E-03,2.49E-03,2.55E-03,2.60E-03,2.65E-03,2.70E-03,2.76E-03,2.81E-03,2.85E-03,2.90E-03,2.95E-03,2.99E-03,3.04E-03,3.08E-03,3.12E-03,3.16E-03,3.19E-03,3.23E-03,3.26E-03,3.29E-03,3.31E-03,3.34E-03,3.36E-03,3.38E-03,3.40E-03,3.41E-03,3.42E-03,3.43E-03,3.44E-03,3.44E-03,3.45E-03,3.44E-03,3.44E-03,3.43E-03,3.42E-03,3.41E-03,3.40E-03,3.38E-03,3.36E-03,3.34E-03,3.31E-03,3.29E-03,3.26E-03,3.23E-03,3.20E-03,3.17E-03,3.13E-03,3.10E-03,3.07E-03,3.03E-03,3.00E-03,2.97E-03,2.93E-03,2.90E-03,2.87E-03,2.84E-03,2.81E-03,2.78E-03,2.75E-03,2.72E-03,2.69E-03,2.66E-03,2.63E-03,2.60E-03,2.57E-03,2.55E-03,2.52E-03,2.49E-03,2.46E-03,2.44E-03,2.41E-03,2.38E-03,2.36E-03,2.33E-03,2.30E-03,2.27E-03,2.25E-03,2.22E-03,2.19E-03,2.17E-03,2.14E-03,2.11E-03,2.08E-03,2.05E-03,2.02E-03,2.00E-03,1.97E-03,1.94E-03,1.91E-03,1.89E-03,1.86E-03,1.84E-03,1.82E-03,1.80E-03,1.78E-03,1.77E-03,1.76E-03,1.75E-03,1.75E-03,1.75E-03,1.75E-03,1.76E-03,1.76E-03,1.78E-03,1.79E-03,1.80E-03,1.82E-03,1.84E-03,1.86E-03,1.88E-03,1.90E-03,1.92E-03,1.94E-03,1.96E-03,1.98E-03,2.00E-03,2.02E-03,2.04E-03,2.05E-03,2.06E-03,2.07E-03,2.08E-03,2.09E-03,2.09E-03,2.09E-03,2.09E-03,2.08E-03,2.07E-03,2.05E-03,2.04E-03,2.01E-03,1.98E-03,1.95E-03,1.92E-03,1.88E-03,1.84E-03,1.80E-03,1.75E-03,1.71E-03,1.66E-03,1.62E-03,1.57E-03,1.53E-03,1.48E-03,1.44E-03,1.40E-03,1.36E-03,1.33E-03,1.30E-03,1.28E-03,1.27E-03,1.26E-03,1.27E-03,1.28E-03,1.31E-03,1.36E-03,1.41E-03,1.49E-03,1.58E-03,1.70E-03,1.83E-03,1.99E-03,2.16E-03,2.36E-03,2.57E-03,2.79E-03,3.03E-03,3.27E-03,3.52E-03,3.77E-03,4.03E-03,4.28E-03,4.52E-03,4.76E-03,4.99E-03,5.21E-03,5.42E-03,5.60E-03,5.77E-03,5.92E-03,6.05E-03,6.17E-03,6.26E-03,6.34E-03,6.40E-03,6.45E-03,6.47E-03,6.48E-03,6.46E-03,6.43E-03,6.38E-03,6.31E-03,6.23E-03,6.12E-03,6.00E-03,5.86E-03,5.72E-03,5.56E-03,5.40E-03,5.23E-03,5.06E-03,4.89E-03,4.72E-03,4.55E-03,4.39E-03,4.24E-03,4.11E-03,3.98E-03,3.87E-03,3.77E-03,3.69E-03,3.63E-03,3.57E-03,3.53E-03,3.49E-03,3.47E-03,3.45E-03,3.43E-03,3.43E-03,3.42E-03,3.42E-03,3.42E-03,3.42E-03,3.43E-03,3.43E-03,3.42E-03,3.42E-03,3.42E-03,3.42E-03,3.42E-03,3.42E-03,3.42E-03,3.42E-03,3.42E-03,3.42E-03,3.42E-03,3.42E-03,3.42E-03,3.43E-03,3.43E-03,3.43E-03,3.43E-03,3.44E-03,3.44E-03,3.45E-03,3.45E-03,3.46E-03,3.46E-03,3.47E-03,3.48E-03,3.49E-03,3.50E-03,3.51E-03,3.52E-03,3.54E-03,3.55E-03,3.57E-03,3.59E-03,3.60E-03,3.62E-03,3.64E-03,3.67E-03,3.69E-03,3.71E-03,3.74E-03,3.77E-03,3.80E-03,3.83E-03,3.86E-03,3.89E-03,3.93E-03,3.97E-03,4.01E-03,4.05E-03
8,1.10E-03,1.09E-03,1.09E-03,1.09E-03,1.08E-03,1.08E-03,1.07E-03,1.07E-03,1.06E-03,1.06E-03,1.05E-03,1.04E-03,1.04E-03,1.03E-03,1.02E-03,1.01E-03,1.01E-03,1.00E-03,9.94E-04,9.88E-04,9.82E-04,9.76E-04,9.70E-04,9.65E-04,9.61E-04,9.57E-04,9.53E-04,9.50E-04,9.48E-04,9.47E-04,9.46E-04,9.46E-04,9.47E-04,9.49E-04,9.52E-04,9.56E-04,9.60E-04,9.66E-04,9.73E-04,9.80E-04,9.88E-04,9.97E-04,1.01E-03,1.02E-03,1.03E-03,1.04E-03,1.05E-03,1.06E-03,1.07E-03,1.09E-03,1.10E-03,1.11E-03,1.13E-03,1.14E-03,1.15E-03,1.17E-03,1.18E-03,1.20E-03,1.21E-03,1.22E-03,1.24E-03,1.25E-03,1.27E-03,1.28E-03,1.29E-03,1.30E-03,1.32E-03,1.33E-03,1.34E-03,1.35E-03,1.36E-03,1.37E-03,1.38E-03,1.39E-03,1.40E-03,1.41E-03,1.42E-03,1.43E-03,1.44E-03,1.45E-03,1.46E-03,1.47E-03,1.48E-03,1.49E-03,1.50E-03,1.51E-03,1.52E-03,1.54E-03,1.55E-03,1.56E-03,1.58E-03,1.59E-03,1.60E-03,1.62E-03,1.64E-03,1.65E-03,1.67E-03,1.69E-03,1.71E-03,1.73E-03,1.76E-03,1.78E-03,1.81E-03,1.84E-03,1.87E-03,1.90E-03,1.94E-03,1.98E-03,2.02E-03,2.06E-03,2.11E-03,2.15E-03,2.20E-03,2.25E-03,2.30E-03,2.35E-03,2.40E-03,2.45E-03,2.50E-03,2.56E-03,2.61E-03,2.66E-03,2.72E-03,2.77E-03,2.83E-03,2.88E-03,2.94E-03,2.99E-03,3.05E-03,3.10E-03,3.16E-03,3.21E-03,3.27E-03,3.32E-03,3.38E-03,3.43E-03,3.48E-03,3.53E-03,3.58E-03,3.63E-03,3.68E-03,3.73E-03,3.78E-03,3.82E-03,3.86E-03,3.91E-03,3.95E-03,3.98E-03,4.02E-03,4.06E-03,4.09E-03,4.12E-03,4.15E-03,4.17E-03,4.20E-03,4.22E-03,4.24E-03,4.26E-03,4.27E-03,4.28E-03,4.29E-03,4.29E-03,4.30E-03,4.30E-03,4.29E-03,4.29E-03,4.28E-03,4.27E-03,4.25E-03,4.24E-03,4.22E-03,4.20E-03,4.18E-03,4.15E-03,4.13E-03,4.10E-03,4.08E-03,4.05E-03,4.02E-03,3.99E-03,3.97E-03,3.94E-03,3.91E-03,3.88E-03,3.85E-03,3.82E-03,3.79E-03,3.76E-03,3.73E-03,3.70E-03,3.67E-03,3.63E-03,3.60E-03,3.57E-03,3.54E-03,3.50E-03,3.47E-03,3.44E-03,3.40E-03,3.37E-03,3.34E-03,3.30E-03,3.27E-03,3.24E-03,3.20E-03,3.17E-03,3.14E-03,3.11E-03,3.07E-03,3.04E-03,3.01E-03,2.98E-03,2.95E-03,2.93E-03,2.90E-03,2.88E-03,2.85E-03,2.83E-03,2.81E-03,2.79E-03,2.77E-03,2.76E-03,2.74E-03,2.73E-03,2.73E-03,2.72E-03,2.72E-03,2.72E-03,2.72E-03,2.72E-03,2.73E-03,2.74E-03,2.75E-03,2.76E-03,2.77E-03,2.79E-03,2.80E-03,2.81E-03,2.83E-03,2.84E-03,2.86E-03,2.87E-03,2.89E-03,2.90E-03,2.91E-03,2.92E-03,2.93E-03,2.93E-03,2.93E-03,2.93E-03,2.93E-03,2.92E-03,2.90E-03,2.88E-03,2.86E-03,2.83E-03,2.79E-03,2.75E-03,2.70E-03,2.64E-03,2.58E-03,2.52E-03,2.46E-03,2.39E-03,2.33E-03,2.26E-03,2.20E-03,2.14E-03,2.08E-03,2.03E-03,1.99E-03,1.95E-03,1.92E-03,1.90E-03,1.89E-03,1.88E-03,1.89E-03,1.90E-03,1.93E-03,1.96E-03,2.01E-03,2.06E-03,2.12E-03,2.20E-03,2.28E-03,2.38E-03,2.48E-03,2.60E-03,2.73E-03,2.86E-03,3.01E-03,3.16E-03,3.31E-03,3.47E-03,3.63E-03,3.78E-03,3.94E-03,4.08E-03,4.22E-03,4.35E-03,4.47E-03,4.58E-03,4.67E-03,4.74E-03,4.80E-03,4.83E-03,4.85E-03,4.86E-03,4.84E-03,4.82E-03,4.78E-03,4.72E-03,4.66E-03,4.58E-03,4.50E-03,4.40E-03,4.30E-03,4.19E-03,4.08E-03,3.96E-03,3.84E-03,3.71E-03,3.58E-03,3.45E-03,3.32E-03,3.19E-03,3.07E-03,2.94E-03,2.82E-03,2.70E-03,2.59E-03,2.48E-03,2.38E-03,2.29E-03,2.20E-03,2.13E-03,2.06E-03,2.01E-03,1.96E-03,1.92E-03,1.88E-03,1.85E-03,1.83E-03,1.82E-03,1.80E-03,1.80E-03,1.79E-03,1.79E-03,1.79E-03,1.79E-03,1.80E-03,1.80E-03,1.80E-03,1.81E-03,1.81E-03,1.81E-03,1.81E-03,1.81E-03,1.82E-03,1.82E-03,1.82E-03,1.82E-03,1.82E-03,1.82E-03,1.83E-03,1.83E-03,1.83E-03,1.83E-03,1.83E-03,1.84E-03,1.84E-03,1.84E-03,1.84E-03,1.85E-03,1.85E-03,1.86E-03,1.86E-03,1.87E-03,1.87E-03,1.88E-03,1.89E-03,1.90E-03,1.91E-03,1.91E-03,1.93E-03,1.94E-03,1.95E-03,1.96E-03,1.98E-03,1.99E-03,2.01E-03,2.02E-03,2.04E-03,2.06E-03,2.08E-03,2.10E-03,2.13E-03,2.15E-03,2.18E-03,2.21E-03,2.23E-03
9,1.97E-03,1.97E-03,1.98E-03,1.98E-03,1.98E-03,1.99E-03,1.99E-03,1.99E-03,1.99E-03,2.00E-03,2.00E-03,2.00E-03,2.01E-03,2.01E-03,2.02E-03,2.02E-03,2.02E-03,2.03E-03,2.03E-03,2.04E-03,2.05E-03,2.05E-03,2.06E-03,2.06E-03,2.07E-03,2.08E-03,2.09E-03,2.10E-03,2.11E-03,2.12E-03,2.13E-03,2.14E-03,2.15E-03,2.16E-03,2.17E-03,2.19E-03,2.20E-03,2.21E-03,2.23E-03,2.25E-03,2.26E-03,2.28E-03,2.30E-03,2.31E-03,2.33E-03,2.35E-03,2.37E-03,2.39E-03,2.41E-03,2.43E-03,2.44E-03,2.46E-03,2.48E-03,2.51E-03,2.53E-03,2.55E-03,2.57E-03,2.59E-03,2.61E-03,2.63E-03,2.65E-03,2.67E-03,2.69E-03,2.71E-03,2.73E-03,2.75E-03,2.77E-03,2.79E-03,2.81E-03,2.83E-03,2.85E-03,2.87E-03,2.89E-03,2.91E-03,2.93E-03,2.95E-03,2.97E-03,2.99E-03,3.01E-03,3.03E-03,3.05E-03,3.07E-03,3.09E-03,3.11E-03,3.13E-03,3.15E-03,3.17E-03,3.19E-03,3.22E-03,3.24E-03,3.26E-03,3.28E-03,3.31E-03,3.33E-03,3.36E-03,3.38E-03,3.41E-03,3.43E-03,3.46E-03,3.49E-03,3.52E-03,3.55E-03,3.58E-03,3.61E-03,3.64E-03,3.67E-03,3.71E-03,3.74E-03,3.78E-03,3.81E-03,3.85E-03,3.89E-03,3.93E-03,3.97E-03,4.01E-03,4.05E-03,4.10E-03,4.14E-03,4.18E-03,4.23E-03,4.27E-03,4.32E-03,4.36E-03,4.41E-03,4.45E-03,4.50E-03,4.54E-03,4.59E-03,4.63E-03,4.67E-03,4.71E-03,4.75E-03,4.78E-03,4.82E-03,4.85E-03,4.88E-03,4.91E-03,4.94E-03,4.97E-03,5.00E-03,5.02E-03,5.05E-03,5.07E-03,5.09E-03,5.12E-03,5.14E-03,5.16E-03,5.18E-03,5.20E-03,5.21E-03,5.23E-03,5.25E-03,5.26E-03,5.28E-03,5.29E-03,5.31E-03,5.32E-03,5.33E-03,5.34E-03,5.35E-03,5.36E-03,5.37E-03,5.38E-03,5.38E-03,5.39E-03,5.39E-03,5.40E-03,5.40E-03,5.39E-03,5.39E-03,5.38E-03,5.37E-03,5.35E-03,5.33E-03,5.30E-03,5.27E-03,5.23E-03,5.19E-03,5.14E-03,5.09E-03,5.02E-03,4.95E-03,4.88E-03,4.80E-03,4.72E-03,4.63E-03,4.55E-03,4.45E-03,4.36E-03,4.26E-03,4.17E-03,4.07E-03,3.98E-03,3.88E-03,3.79E-03,3.69E-03,3.60E-03,3.52E-03,3.43E-03,3.35E-03,3.27E-03,3.19E-03,3.12E-03,3.05E-03,2.98E-03,2.92E-03,2.86E-03,2.81E-03,2.77E-03,2.72E-03,2.69E-03,2.66E-03,2.63E-03,2.61E-03,2.59E-03,2.58E-03,2.57E-03,2.56E-03,2.55E-03,2.55E-03,2.54E-03,2.54E-03,2.54E-03,2.54E-03,2.53E-03,2.53E-03,2.52E-03,2.52E-03,2.51E-03,2.50E-03,2.49E-03,2.48E-03,2.46E-03,2.45E-03,2.44E-03,2.42E-03,2.41E-03,2.39E-03,2.38E-03,2.36E-03,2.34E-03,2.33E-03,2.31E-03,2.29E-03,2.28E-03,2.26E-03,2.24E-03,2.22E-03,2.20E-03,2.18E-03,2.16E-03,2.14E-03,2.12E-03,2.10E-03,2.08E-03,2.05E-03,2.03E-03,2.00E-03,1.97E-03,1.94E-03,1.91E-03,1.89E-03,1.86E-03,1.83E-03,1.80E-03,1.78E-03,1.75E-03,1.73E-03,1.71E-03,1.69E-03,1.68E-03,1.67E-03,1.66E-03,1.66E-03,1.66E-03,1.66E-03,1.67E-03,1.68E-03,1.69E-03,1.70E-03,1.71E-03,1.72E-03,1.73E-03,1.74E-03,1.75E-03,1.75E-03,1.76E-03,1.76E-03,1.75E-03,1.75E-03,1.74E-03,1.73E-03,1.71E-03,1.69E-03,1.67E-03,1.65E-03,1.63E-03,1.60E-03,1.57E-03,1.54E-03,1.51E-03,1.48E-03,1.44E-03,1.41E-03,1.38E-03,1.34E-03,1.30E-03,1.27E-03,1.23E-03,1.20E-03,1.16E-03,1.12E-03,1.09E-03,1.05E-03,1.02E-03,9.83E-04,9.49E-04,9.15E-04,8.83E-04,8.51E-04,8.20E-04,7.91E-04,7.62E-04,7.34E-04,7.08E-04,6.82E-04,6.58E-04,6.35E-04,6.13E-04,5.92E-04,5.72E-04,5.53E-04,5.36E-04,5.20E-04,5.05E-04,4.92E-04,4.80E-04,4.69E-04,4.60E-04,4.51E-04,4.45E-04,4.39E-04,4.36E-04,4.33E-04,4.32E-04,4.33E-04,4.35E-04,4.38E-04,4.43E-04,4.49E-04,4.58E-04,4.66E-04,4.73E-04,4.80E-04,4.86E-04,4.91E-04,4.96E-04,4.99E-04,5.02E-04,5.05E-04,5.07E-04,5.09E-04,5.10E-04,5.10E-04,5.10E-04,5.10E-04,5.10E-04,5.09E-04,5.08E-04,5.07E-04,5.05E-04,5.04E-04,5.02E-04,5.00E-04,4.99E-04,4.97E-04,4.96E-04,4.94E-04,4.93E-04,4.92E-04,4.91E-04,4.90E-04,4.90E-04,4.90E-04,4.90E-04,4.91E-04,4.92E-04,4.94E-04,4.96E-04,4.98E-04,5.02E-04,5.06E-04,5.11E-04,5.16E-04,5.22E-04,5.29E-04,5.37E-04,5.46E-04,5.55E-04,5.66E-04,5.77E-04
10,2.52E-03,2.44E-03,2.36E-03,2.29E-03,2.22E-03,2.16E-03,2.10E-03,2.04E-03,1.98E-03,1.93E-03,1.88E-03,1.83E-03,1.79E-03,1.75E-03,1.71E-03,1.67E-03,1.63E-03,1.60E-03,1.57E-03,1.54E-03,1.51E-03,1.48E-03,1.45E-03,1.43E-03,1.41E-03,1.38E-03,1.36E-03,1.34E-03,1.32E-03,1.30E-03,1.28E-03,1.26E-03,1.24E-03,1.22E-03,1.20E-03,1.18E-03,1.17E-03,1.15E-03,1.13E-03,1.11E-03,1.09E-03,1.07E-03,1.05E-03,1.04E-03,1.02E-03,1.00E-03,9.82E-04,9.65E-04,9.49E-04,9.32E-04,9.16E-04,9.01E-04,8.86E-04,8.71E-04,8.57E-04,8.44E-04,8.31E-04,8.19E-04,8.07E-04,7.96E-04,7.86E-04,7.76E-04,7.68E-04,7.60E-04,7.53E-04,7.46E-04,7.41E-04,7.36E-04,7.33E-04,7.30E-04,7.28E-04,7.27E-04,7.27E-04,7.28E-04,7.29E-04,7.31E-04,7.33E-04,7.36E-04,7.40E-04,7.44E-04,7.49E-04,7.54E-04,7.60E-04,7.66E-04,7.72E-04,7.79E-04,7.86E-04,7.93E-04,8.00E-04,8.08E-04,8.16E-04,8.24E-04,8.32E-04,8.39E-04,8.47E-04,8.55E-04,8.63E-04,8.71E-04,8.79E-04,8.86E-04,8.93E-04,9.01E-04,9.10E-04,9.20E-04,9.31E-04,9.44E-04,9.57E-04,9.71E-04,9.85E-04,1.00E-03,1.02E-03,1.03E-03,1.05E-03,1.06E-03,1.08E-03,1.10E-03,1.11E-03,1.13E-03,1.14E-03,1.16E-03,1.17E-03,1.19E-03,1.21E-03,1.22E-03,1.24E-03,1.25E-03,1.27E-03,1.28E-03,1.30E-03,1.32E-03,1.33E-03,1.35E-03,1.37E-03,1.39E-03,1.41E-03,1.43E-03,1.44E-03,1.46E-03,1.48E-03,1.50E-03,1.52E-03,1.55E-03,1.57E-03,1.59E-03,1.61E-03,1.63E-03,1.65E-03,1.67E-03,1.70E-03,1.72E-03,1.74E-03,1.76E-03,1.78E-03,1.81E-03,1.83E-03,1.85E-03,1.87E-03,1.90E-03,1.92E-03,1.94E-03,1.96E-03,1.99E-03,2.01E-03,2.03E-03,2.05E-03,2.08E-03,2.10E-03,2.12E-03,2.15E-03,2.17E-03,2.19E-03,2.21E-03,2.24E-03,2.26E-03,2.28E-03,2.30E-03,2.33E-03,2.35E-03,2.37E-03,2.39E-03,2.41E-03,2.43E-03,2.45E-03,2.47E-03,2.49E-03,2.51E-03,2.53E-03,2.55E-03,2.56E-03,2.58E-03,2.60E-03,2.61E-03,2.63E-03,2.65E-03,2.66E-03,2.67E-03,2.69E-03,2.70E-03,2.72E-03,2.73E-03,2.74E-03,2.76E-03,2.77E-03,2.78E-03,2.80E-03,2.81E-03,2.83E-03,2.84E-03,2.86E-03,2.87E-03,2.89E-03,2.91E-03,2.93E-03,2.95E-03,2.97E-03,2.99E-03,3.01E-03,3.03E-03,3.05E-03,3.07E-03,3.09E-03,3.12E-03,3.14E-03,3.17E-03,3.19E-03,3.21E-03,3.24E-03,3.26E-03,3.29E-03,3.31E-03,3.34E-03,3.37E-03,3.39E-03,3.42E-03,3.45E-03,3.47E-03,3.50E-03,3.53E-03,3.56E-03,3.58E-03,3.61E-03,3.64E-03,3.67E-03,3.70E-03,3.72E-03,3.75E-03,3.78E-03,3.81E-03,3.83E-03,3.86E-03,3.88E-03,3.90E-03,3.92E-03,3.94E-03,3.96E-03,3.97E-03,3.98E-03,3.99E-03,4.00E-03,4.01E-03,4.01E-03,4.02E-03,4.02E-03,4.03E-03,4.03E-03,4.04E-03,4.04E-03,4.05E-03,4.06E-03,4.07E-03,4.09E-03,4.11E-03,4.13E-03,4.15E-03,4.18E-03,4.22E-03,4.25E-03,4.29E-03,4.33E-03,4.38E-03,4.42E-03,4.47E-03,4.51E-03,4.56E-03,4.60E-03,4.65E-03,4.69E-03,4.73E-03,4.78E-03,4.81E-03,4.85E-03,4.88E-03,4.92E-03,4.95E-03,4.97E-03,5.00E-03,5.02E-03,5.03E-03,5.05E-03,5.06E-03,5.06E-03,5.07E-03,5.06E-03,5.06E-03,5.05E-03,5.03E-03,5.02E-03,4.99E-03,4.96E-03,4.93E-03,4.89E-03,4.85E-03,4.81E-03,4.75E-03,4.69E-03,4.63E-03,4.56E-03,4.49E-03,4.41E-03,4.33E-03,4.23E-03,4.14E-03,4.04E-03,3.94E-03,3.83E-03,3.73E-03,3.62E-03,3.51E-03,3.41E-03,3.30E-03,3.20E-03,3.10E-03,3.01E-03,2.92E-03,2.83E-03,2.76E-03,2.69E-03,2.62E-03,2.56E-03,2.51E-03,2.47E-03,2.43E-03,2.40E-03,2.38E-03,2.36E-03,2.35E-03,2.35E-03,2.36E-03,2.37E-03,2.39E-03,2.42E-03,2.45E-03,2.47E-03,2.50E-03,2.52E-03,2.54E-03,2.56E-03,2.58E-03,2.60E-03,2.61E-03,2.63E-03,2.64E-03,2.65E-03,2.66E-03,2.67E-03,2.68E-03,2.69E-03,2.70E-03,2.71E-03,2.72E-03,2.73E-03,2.73E-03,2.74E-03,2.75E-03,2.76E-03,2.77E-03,2.78E-03,2.79E-03,2.81E-03,2.82E-03,2.84E-03,2.85E-03,2.87E-03,2.89E-03,2.91E-03,2.93E-03,2.96E-03,2.98E-03,3.01E-03,3.04E-03,3.08E-03,3.12E-03,3.15E-03,3.20E-03,3.24E-03,3.29E-03,3.34E-03,3.40E-03,3.45E-03,3.52E-03,3.58E-03
11,7.85E-04,7.79E-04,7.73E-04,7.67E-04,7.63E-04,7.58E-04,7.55E-04,7.52E-04,7.49E-04,7.47E-04,7.45E-04,7.44E-04,7.44E-04,7.44E-04,7.44E-04,7.45E-04,7.46E-04,7.48E-04,7.50E-04,7.53E-04,7.56E-04,7.60E-04,7.63E-04,7.68E-04,7.72E-04,7.77E-04,7.83E-04,7.88E-04,7.94E-04,8.01E-04,8.07E-04,8.14E-04,8.21E-04,8.29E-04,8.37E-04,8.45E-04,8.53E-04,8.62E-04,8.70E-04,8.79E-04,8.89E-04,8.98E-04,9.08E-04,9.18E-04,9.28E-04,9.39E-04,9.50E-04,9.60E-04,9.72E-04,9.83E-04,9.94E-04,1.01E-03,1.02E-03,1.03E-03,1.04E-03,1.05E-03,1.07E-03,1.08E-03,1.09E-03,1.11E-03,1.12E-03,1.13E-03,1.15E-03,1.16E-03,1.17E-03,1.19E-03,1.20E-03,1.22E-03,1.23E-03,1.25E-03,1.26E-03,1.28E-03,1.29E-03,1.31E-03,1.32E-03,1.34E-03,1.35E-03,1.37E-03,1.39E-03,1.40E-03,1.42E-03,1.43E-03,1.45E-03,1.47E-03,1.49E-03,1.50E-03,1.52E-03,1.54E-03,1.56E-03,1.58E-03,1.60E-03,1.62E-03,1.64E-03,1.66E-03,1.68E-03,1.70E-03,1.72E-03,1.74E-03,1.76E-03,1.78E-03,1.81E-03,1.83E-03,1.85E-03,1.88E-03,1.90E-03,1.93E-03,1.95E-03,1.98E-03,2.01E-03,2.03E-03,2.06E-03,2.09E-03,2.12E-03,2.15E-03,2.18E-03,2.21E-03,2.24E-03,2.26E-03,2.29E-03,2.32E-03,2.35E-03,2.38E-03,2.41E-03,2.44E-03,2.47E-03,2.51E-03,2.54E-03,2.57E-03,2.60E-03,2.63E-03,2.66E-03,2.69E-03,2.72E-03,2.75E-03,2.79E-03,2.82E-03,2.85E-03,2.88E-03,2.91E-03,2.95E-03,2.98E-03,3.01E-03,3.04E-03,3.07E-03,3.11E-03,3.14E-03,3.17E-03,3.20E-03,3.23E-03,3.27E-03,3.30E-03,3.33E-03,3.36E-03,3.39E-03,3.42E-03,3.45E-03,3.48E-03,3.51E-03,3.54E-03,3.57E-03,3.60E-03,3.63E-03,3.66E-03,3.69E-03,3.71E-03,3.74E-03,3.77E-03,3.79E-03,3.82E-03,3.84E-03,3.87E-03,3.89E-03,3.91E-03,3.93E-03,3.95E-03,3.97E-03,3.98E-03,4.00E-03,4.01E-03,4.02E-03,4.03E-03,4.04E-03,4.05E-03,4.06E-03,4.06E-03,4.06E-03,4.06E-03,4.06E-03,4.06E-03,4.06E-03,4.05E-03,4.05E-03,4.04E-03,4.03E-03,4.03E-03,4.02E-03,4.00E-03,3.99E-03,3.98E-03,3.97E-03,3.95E-03,3.94E-03,3.93E-03,3.92E-03,3.90E-03,3.89E-03,3.88E-03,3.87E-03,3.86E-03,3.86E-03,3.85E-03,3.85E-03,3.85E-03,3.85E-03,3.85E-03,3.85E-03,3.85E-03,3.85E-03,3.86E-03,3.87E-03,3.87E-03,3.88E-03,3.89E-03,3.90E-03,3.91E-03,3.92E-03,3.93E-03,3.94E-03,3.95E-03,3.96E-03,3.97E-03,3.98E-03,4.00E-03,4.01E-03,4.02E-03,4.03E-03,4.04E-03,4.05E-03,4.06E-03,4.07E-03,4.08E-03,4.09E-03,4.10E-03,4.11E-03,4.12E-03,4.13E-03,4.13E-03,4.13E-03,4.13E-03,4.13E-03,4.13E-03,4.12E-03,4.11E-03,4.10E-03,4.08E-03,4.06E-03,4.04E-03,4.01E-03,3.97E-03,3.94E-03,3.90E-03,3.86E-03,3.82E-03,3.78E-03,3.74E-03,3.70E-03,3.66E-03,3.63E-03,3.60E-03,3.57E-03,3.55E-03,3.53E-03,3.52E-03,3.52E-03,3.53E-03,3.54E-03,3.56E-03,3.58E-03,3.60E-03,3.63E-03,3.67E-03,3.70E-03,3.74E-03,3.78E-03,3.82E-03,3.85E-03,3.89E-03,3.93E-03,3.97E-03,4.00E-03,4.03E-03,4.06E-03,4.08E-03,4.10E-03,4.12E-03,4.14E-03,4.14E-03,4.15E-03,4.15E-03,4.14E-03,4.13E-03,4.11E-03,4.08E-03,4.05E-03,4.01E-03,3.96E-03,3.91E-03,3.85E-03,3.78E-03,3.71E-03,3.64E-03,3.56E-03,3.47E-03,3.38E-03,3.29E-03,3.20E-03,3.10E-03,3.01E-03,2.91E-03,2.80E-03,2.70E-03,2.60E-03,2.50E-03,2.40E-03,2.30E-03,2.20E-03,2.10E-03,2.01E-03,1.92E-03,1.83E-03,1.75E-03,1.67E-03,1.60E-03,1.53E-03,1.46E-03,1.41E-03,1.36E-03,1.31E-03,1.27E-03,1.24E-03,1.21E-03,1.19E-03,1.17E-03,1.16E-03,1.14E-03,1.14E-03,1.13E-03,1.13E-03,1.13E-03,1.14E-03,1.15E-03,1.15E-03,1.16E-03,1.16E-03,1.17E-03,1.17E-03,1.18E-03,1.18E-03,1.19E-03,1.19E-03,1.19E-03,1.19E-03,1.20E-03,1.20E-03,1.20E-03,1.20E-03,1.21E-03,1.21E-03,1.21E-03,1.21E-03,1.21E-03,1.22E-03,1.22E-03,1.22E-03,1.22E-03,1.23E-03,1.23E-03,1.23E-03,1.24E-03,1.24E-03,1.25E-03,1.25E-03,1.26E-03,1.27E-03,1.27E-03,1.28E-03,1.29E-03,1.30E-03,1.31E-03,1.32E-03,1.34E-03,1.35E-03,1.36E-03,1.38E-03,1.40E-03,1.41E-03,1.43E-03,1.45E-03,1.47E-03,1.49E-03,1.52E-03
12,1.68E-03,1.68E-03,1.67E-03,1.67E-03,1.67E-03,1.66E-03,1.66E-03,1.65E-03,1.65E-03,1.65E-03,1.65E-03,1.64E-03,1.64E-03,1.64E-03,1.64E-03,1.64E-03,1.64E-03,1.64E-03,1.64E-03,1.64E-03,1.64E-03,1.64E-03,1.64E-03,1.65E-03,1.65E-03,1.65E-03,1.65E-03,1.66E-03,1.66E-03,1.67E-03,1.67E-03,1.68E-03,1.68E-03,1.69E-03,1.70E-03,1.70E-03,1.71E-03,1.72E-03,1.73E-03,1.74E-03,1.74E-03,1.75E-03,1.76E-03,1.77E-03,1.78E-03,1.79E-03,1.81E-03,1.82E-03,1.83E-03,1.84E-03,1.85E-03,1.86E-03,1.87E-03,1.89E-03,1.90E-03,1.91E-03,1.92E-03,1.94E-03,1.95E-03,1.96E-03,1.97E-03,1.98E-03,2.00E-03,2.01E-03,2.02E-03,2.03E-03,2.04E-03,2.06E-03,2.07E-03,2.08E-03,2.09E-03,2.10E-03,2.11E-03,2.12E-03,2.13E-03,2.15E-03,2.16E-03,2.17E-03,2.18E-03,2.19E-03,2.20E-03,2.21E-03,2.22E-03,2.24E-03,2.25E-03,2.26E-03,2.27E-03,2.28E-03,2.30E-03,2.31E-03,2.32E-03,2.34E-03,2.35E-03,2.37E-03,2.38E-03,2.39E-03,2.41E-03,2.43E-03,2.44E-03,2.46E-03,2.48E-03,2.50E-03,2.52E-03,2.54E-03,2.56E-03,2.58E-03,2.60E-03,2.63E-03,2.65E-03,2.68E-03,2.71E-03,2.73E-03,2.76E-03,2.79E-03,2.82E-03,2.85E-03,2.88E-03,2.91E-03,2.94E-03,2.97E-03,3.00E-03,3.03E-03,3.06E-03,3.09E-03,3.12E-03,3.15E-03,3.18E-03,3.21E-03,3.24E-03,3.26E-03,3.29E-03,3.32E-03,3.35E-03,3.38E-03,3.40E-03,3.43E-03,3.46E-03,3.48E-03,3.51E-03,3.53E-03,3.56E-03,3.58E-03,3.61E-03,3.63E-03,3.65E-03,3.68E-03,3.70E-03,3.72E-03,3.74E-03,3.77E-03,3.79E-03,3.81E-03,3.83E-03,3.85E-03,3.87E-03,3.89E-03,3.90E-03,3.92E-03,3.94E-03,3.95E-03,3.97E-03,3.98E-03,3.99E-03,4.00E-03,4.01E-03,4.02E-03,4.03E-03,4.04E-03,4.04E-03,4.05E-03,4.05E-03,4.05E-03,4.05E-03,4.05E-03,4.05E-03,4.05E-03,4.04E-03,4.03E-03,4.02E-03,4.01E-03,4.00E-03,3.99E-03,3.97E-03,3.95E-03,3.93E-03,3.91E-03,3.89E-03,3.87E-03,3.85E-03,3.82E-03,3.80E-03,3.77E-03,3.75E-03,3.72E-03,3.69E-03,3.66E-03,3.63E-03,3.60E-03,3.57E-03,3.55E-03,3.52E-03,3.49E-03,3.46E-03,3.43E-03,3.41E-03,3.38E-03,3.36E-03,3.33E-03,3.31E-03,3.29E-03,3.27E-03,3.25E-03,3.24E-03,3.22E-03,3.21E-03,3.20E-03,3.19E-03,3.18E-03,3.17E-03,3.16E-03,3.16E-03,3.15E-03,3.15E-03,3.15E-03,3.14E-03,3.14E-03,3.14E-03,3.14E-03,3.13E-03,3.13E-03,3.13E-03,3.13E-03,3.13E-03,3.13E-03,3.13E-03,3.13E-03,3.13E-03,3.13E-03,3.13E-03,3.13E-03,3.13E-03,3.13E-03,3.13E-03,3.13E-03,3.13E-03,3.12E-03,3.12E-03,3.11E-03,3.11E-03,3.10E-03,3.09E-03,3.07E-03,3.06E-03,3.04E-03,3.02E-03,3.00E-03,2.97E-03,2.94E-03,2.91E-03,2.87E-03,2.83E-03,2.80E-03,2.76E-03,2.72E-03,2.68E-03,2.64E-03,2.60E-03,2.57E-03,2.54E-03,2.51E-03,2.49E-03,2.47E-03,2.46E-03,2.45E-03,2.45E-03,2.46E-03,2.46E-03,2.48E-03,2.49E-03,2.51E-03,2.53E-03,2.56E-03,2.59E-03,2.62E-03,2.65E-03,2.68E-03,2.71E-03,2.74E-03,2.77E-03,2.80E-03,2.83E-03,2.86E-03,2.88E-03,2.91E-03,2.93E-03,2.95E-03,2.97E-03,2.98E-03,2.99E-03,2.99E-03,2.99E-03,2.99E-03,2.98E-03,2.97E-03,2.95E-03,2.92E-03,2.89E-03,2.86E-03,2.82E-03,2.77E-03,2.73E-03,2.68E-03,2.62E-03,2.57E-03,2.51E-03,2.45E-03,2.39E-03,2.33E-03,2.26E-03,2.20E-03,2.14E-03,2.07E-03,2.01E-03,1.95E-03,1.89E-03,1.83E-03,1.77E-03,1.71E-03,1.66E-03,1.60E-03,1.55E-03,1.51E-03,1.46E-03,1.42E-03,1.38E-03,1.35E-03,1.32E-03,1.29E-03,1.27E-03,1.25E-03,1.23E-03,1.22E-03,1.21E-03,1.20E-03,1.19E-03,1.19E-03,1.18E-03,1.18E-03,1.18E-03,1.18E-03,1.19E-03,1.19E-03,1.19E-03,1.19E-03,1.20E-03,1.20E-03,1.20E-03,1.20E-03,1.20E-03,1.20E-03,1.20E-03,1.20E-03,1.20E-03,1.20E-03,1.20E-03,1.21E-03,1.21E-03,1.21E-03,1.21E-03,1.21E-03,1.21E-03,1.21E-03,1.21E-03,1.21E-03,1.21E-03,1.21E-03,1.21E-03,1.21E-03,1.22E-03,1.22E-03,1.22E-03,1.22E-03,1.23E-03,1.23E-03,1.23E-03,1.24E-03,1.24E-03,1.25E-03,1.25E-03,1.26E-03,1.27E-03,1.27E-03,1.28E-03,1.29E-03,1.30E-03,1.31E-03,1.32E-03,1.33E-03,1.34E-03,1.36E-03,1.37E-03
13,9.59E-03,9.57E-03,9.54E-03,9.51E-03,9.48E-03,9.45E-03,9.42E-03,9.38E-03,9.35E-03,9.31E-03,9.28E-03,9.24E-03,9.20E-03,9.16E-03,9.12E-03,9.08E-03,9.03E-03,8.99E-03,8.95E-03,8.90E-03,8.86E-03,8.81E-03,8.77E-03,8.72E-03,8.67E-03,8.63E-03,8.58E-03,8.53E-03,8.48E-03,8.44E-03,8.39E-03,8.34E-03,8.29E-03,8.25E-03,8.20E-03,8.15E-03,8.11E-03,8.06E-03,8.02E-03,7.97E-03,7.93E-03,7.88E-03,7.84E-03,7.80E-03,7.75E-03,7.71E-03,7.67E-03,7.63E-03,7.59E-03,7.55E-03,7.51E-03,7.47E-03,7.43E-03,7.39E-03,7.36E-03,7.32E-03,7.29E-03,7.25E-03,7.22E-03,7.19E-03,7.15E-03,7.12E-03,7.09E-03,7.06E-03,7.04E-03,7.01E-03,6.98E-03,6.96E-03,6.94E-03,6.91E-03,6.89E-03,6.87E-03,6.84E-03,6.82E-03,6.80E-03,6.77E-03,6.74E-03,6.71E-03,6.68E-03,6.65E-03,6.62E-03,6.58E-03,6.53E-03,6.49E-03,6.44E-03,6.39E-03,6.33E-03,6.27E-03,6.20E-03,6.12E-03,6.04E-03,5.96E-03,5.87E-03,5.77E-03,5.67E-03,5.55E-03,5.43E-03,5.31E-03,5.17E-03,5.03E-03,4.88E-03,4.72E-03,4.57E-03,4.42E-03,4.28E-03,4.14E-03,4.00E-03,3.88E-03,3.75E-03,3.64E-03,3.52E-03,3.42E-03,3.32E-03,3.23E-03,3.15E-03,3.08E-03,3.01E-03,2.95E-03,2.91E-03,2.86E-03,2.83E-03,2.79E-03,2.77E-03,2.74E-03,2.72E-03,2.70E-03,2.68E-03,2.67E-03,2.65E-03,2.63E-03,2.61E-03,2.58E-03,2.56E-03,2.53E-03,2.49E-03,2.46E-03,2.42E-03,2.38E-03,2.34E-03,2.29E-03,2.25E-03,2.20E-03,2.16E-03,2.12E-03,2.08E-03,2.03E-03,1.99E-03,1.96E-03,1.92E-03,1.89E-03,1.86E-03,1.83E-03,1.80E-03,1.78E-03,1.75E-03,1.73E-03,1.70E-03,1.68E-03,1.66E-03,1.64E-03,1.61E-03,1.59E-03,1.57E-03,1.54E-03,1.52E-03,1.49E-03,1.47E-03,1.44E-03,1.41E-03,1.38E-03,1.35E-03,1.32E-03,1.29E-03,1.26E-03,1.22E-03,1.19E-03,1.15E-03,1.12E-03,1.08E-03,1.05E-03,1.01E-03,9.72E-04,9.34E-04,8.96E-04,8.58E-04,8.21E-04,7.84E-04,7.47E-04,7.12E-04,6.78E-04,6.45E-04,6.13E-04,5.82E-04,5.54E-04,5.27E-04,5.03E-04,4.80E-04,4.59E-04,4.40E-04,4.22E-04,4.07E-04,3.92E-04,3.79E-04,3.67E-04,3.57E-04,3.47E-04,3.39E-04,3.32E-04,3.25E-04,3.19E-04,3.14E-04,3.10E-04,3.06E-04,3.03E-04,3.00E-04,2.97E-04,2.95E-04,2.94E-04,2.92E-04,2.91E-04,2.89E-04,2.88E-04,2.87E-04,2.86E-04,2.85E-04,2.84E-04,2.82E-04,2.81E-04,2.79E-04,2.77E-04,2.75E-04,2.73E-04,2.71E-04,2.69E-04,2.67E-04,2.64E-04,2.62E-04,2.59E-04,2.57E-04,2.54E-04,2.52E-04,2.49E-04,2.47E-04,2.45E-04,2.42E-04,2.40E-04,2.38E-04,2.36E-04,2.33E-04,2.31E-04,2.29E-04,2.27E-04,2.25E-04,2.23E-04,2.21E-04,2.19E-04,2.17E-04,2.15E-04,2.14E-04,2.12E-04,2.10E-04,2.09E-04,2.07E-04,2.06E-04,2.05E-04,2.03E-04,2.02E-04,2.01E-04,2.01E-04,2.00E-04,1.99E-04,1.99E-04,1.99E-04,1.99E-04,1.99E-04,1.99E-04,1.99E-04,2.00E-04,2.00E-04,2.00E-04,2.00E-04,2.00E-04,2.00E-04,1.99E-04,1.98E-04,1.97E-04,1.96E-04,1.94E-04,1.92E-04,1.89E-04,1.86E-04,1.83E-04,1.79E-04,1.75E-04,1.71E-04,1.67E-04,1.63E-04,1.59E-04,1.55E-04,1.51E-04,1.48E-04,1.44E-04,1.41E-04,1.38E-04,1.36E-04,1.34E-04,1.32E-04,1.31E-04,1.30E-04,1.29E-04,1.29E-04,1.28E-04,1.28E-04,1.28E-04,1.29E-04,1.29E-04,1.29E-04,1.29E-04,1.30E-04,1.30E-04,1.30E-04,1.31E-04,1.31E-04,1.31E-04,1.31E-04,1.30E-04,1.30E-04,1.29E-04,1.29E-04,1.28E-04,1.26E-04,1.25E-04,1.23E-04,1.21E-04,1.19E-04,1.16E-04,1.13E-04,1.10E-04,1.07E-04,1.04E-04,1.02E-04,9.96E-05,9.79E-05,9.69E-05,9.66E-05,9.72E-05,9.88E-05,1.02E-04,1.06E-04,1.11E-04,1.18E-04,1.26E-04,1.32E-04,1.38E-04,1.44E-04,1.48E-04,1.52E-04,1.56E-04,1.59E-04,1.61E-04,1.63E-04,1.64E-04,1.65E-04,1.66E-04,1.66E-04,1.66E-04,1.65E-04,1.65E-04,1.64E-04,1.62E-04,1.61E-04,1.60E-04,1.58E-04,1.56E-04,1.54E-04,1.53E-04,1.51E-04,1.49E-04,1.48E-04,1.46E-04,1.45E-04,1.43E-04,1.42E-04,1.41E-04,1.41E-04,1.41E-04,1.41E-04,1.41E-04,1.42E-04,1.43E-04,1.45E-04,1.47E-04,1.50E-04,1.53E-04,1.57E-04,1.61E-04,1.66E-04,1.72E-04,1.79E-04,1.86E-04,1.94E-04
